nUMIs	nGenes	cell_type
2025	919	B
794	510	B
1781	705	B
2862	978	B
2286	641	B
2303	702	T
880	520	B
1620	755	T
1089	551	B
572	335	B
626	370	B
1706	616	B
1301	504	B
1632	745	B
1664	837	B
1246	613	T
2374	857	B
817	501	B
801	472	B
732	277	B
1828	925	T
902	515	B
3375	946	T
3766	1001	B
1387	599	B
2600	735	T
3039	1014	T
2490	1027	B
2091	868	B
784	328	B
2036	874	B
2199	749	T
2123	915	T
1191	634	B
2094	631	B
3210	1172	B
659	356	B
1685	747	B
3830	1306	T
2751	909	B
671	357	B
794	431	T
823	443	B
1409	531	B
2156	764	B
1975	850	B
688	387	B
514	333	B
1925	767	B
1949	1009	B
2720	972	T
2964	904	B
790	460	B
723	422	B
832	521	T
2258	835	B
2625	801	B
569	393	B
4545	1626	T
780	462	B
2484	888	B
2678	1058	B
1413	425	B
707	461	T
774	456	B
601	360	B
1048	643	B
3208	1160	B
1788	599	T
811	448	B
2035	658	B
6735	1700	T
617	408	B
1702	611	B
1565	677	B
2241	705	B
2773	1040	T
3203	975	B
2531	797	B
882	428	T
5060	1597	B
1203	593	B
1024	677	B
2543	649	B
1303	623	B
4749	1465	B
1464	799	B
844	450	B
3050	953	B
501	317	B
636	364	B
2820	890	B
1171	548	B
1516	665	B
624	399	B
2180	773	T
1792	688	B
5702	1636	B
4869	1606	B
1838	757	B
2351	827	B
2758	1036	T
3406	988	T
1894	416	B
567	345	B
2182	764	B
1959	728	B
962	489	B
2276	798	B
787	145	B
2370	709	B
593	373	T
1859	569	B
662	383	B
3892	1310	B
1024	227	B
3361	1174	B
2344	893	B
1287	651	B
651	374	B
2250	838	B
1078	549	T
1396	746	B
822	453	B
1012	409	B
2370	750	T
966	549	B
886	603	B
3328	1050	T
1778	772	B
983	583	B
856	513	B
546	378	B
2545	804	B
3608	1270	T
3086	968	T
1607	660	B
1750	752	B
827	172	B
1686	599	T
1819	633	T
1720	857	B
1729	827	B
2268	899	B
1943	763	T
2529	779	B
539	349	B
629	267	B
4016	1660	T
2091	751	T
1638	763	B
2007	709	T
593	403	B
1862	742	T
1507	692	B
634	377	B
611	338	B
1951	707	T
619	416	B
2687	866	T
2196	661	B
2145	794	B
1290	627	B
901	478	B
2048	641	B
2069	659	B
1847	665	B
1232	595	B
2464	763	B
2572	845	B
1907	848	B
1499	597	T
783	476	B
1884	652	B
807	474	B
2668	1123	T
2134	737	B
654	365	B
534	372	B
622	393	B
2217	779	B
1044	551	B
1847	730	T
1318	696	T
3465	1104	B
3920	1100	T
2363	758	B
799	431	B
2558	742	B
5703	1557	T
1680	829	B
2490	819	B
2100	708	B
2124	735	T
2206	650	T
589	388	B
2113	843	B
1930	714	B
3319	1226	B
3494	1258	T
682	389	B
1476	836	T
1337	613	B
3138	1116	B
530	371	B
1995	1012	B
2423	760	B
1792	601	B
3353	1200	B
674	419	B
2373	819	B
1695	743	B
2807	856	B
1778	841	B
2566	976	T
2761	1077	T
974	586	B
2496	916	B
3062	1101	T
2034	707	B
1992	838	B
610	434	B
619	440	B
2046	702	B
604	391	B
554	342	B
2509	1142	T
1790	658	B
2287	711	T
1662	606	T
679	476	B
681	366	B
2263	656	B
2221	808	B
2218	794	T
3213	960	B
3065	1143	B
2465	870	B
1292	690	B
2166	738	B
1409	712	B
1082	634	B
2814	770	B
653	424	B
2004	951	T
825	508	B
2289	702	T
2303	790	T
2456	834	B
4203	1314	B
584	356	B
1349	574	B
783	449	B
7029	1927	T
1651	588	B
562	332	B
3854	1409	B
821	394	B
2587	946	B
799	485	B
2142	817	T
2228	863	T
2445	865	B
721	319	B
1252	720	B
2495	760	B
802	520	B
2390	764	T
2773	914	B
4477	1355	T
777	498	B
2245	846	B
2483	1016	B
1309	616	T
2488	878	B
2318	739	B
1754	667	B
1006	630	B
2733	1027	T
3365	1191	B
687	453	B
924	572	B
1419	683	T
2434	794	B
668	430	B
2047	710	B
2734	1065	B
522	297	B
679	447	B
2279	794	B
1654	849	B
1839	660	B
616	390	B
1887	799	B
1198	425	B
1251	529	B
729	390	B
1808	746	B
2157	782	B
2448	719	T
3510	1046	B
1494	765	B
1744	572	B
602	341	B
2077	671	B
1082	585	B
1624	676	B
1647	797	B
1822	793	B
3601	1181	B
4913	1633	B
828	568	T
1630	787	B
1371	555	B
2953	860	B
576	403	B
1257	683	B
5163	1596	T
1132	621	T
761	405	B
2050	603	B
836	505	B
2726	896	B
1974	868	B
3884	1335	T
805	404	T
1979	758	B
523	336	B
1864	622	B
1902	682	B
2093	678	T
5728	1584	T
779	473	B
946	484	B
2271	650	B
1625	608	B
2880	1112	T
1594	649	B
735	470	B
1466	594	B
645	411	B
2677	932	B
3116	1151	B
583	373	B
1464	782	B
854	514	B
1100	635	B
1200	695	B
787	557	B
739	497	B
2140	728	B
3360	1007	B
2657	816	B
917	467	B
3622	1295	B
2174	795	B
1223	598	T
566	304	B
623	383	B
4677	1277	T
1045	713	T
2279	714	T
580	362	B
601	408	B
2158	701	T
531	353	B
5275	1741	T
1847	625	B
2913	911	B
572	354	T
811	328	B
1006	587	T
898	468	B
2383	1036	T
2329	797	B
1323	817	T
2193	728	B
2891	1090	T
1350	622	B
3985	1047	T
2268	761	B
750	458	B
3263	950	B
2457	825	T
583	367	B
3376	1071	T
1956	829	B
716	439	B
531	320	B
528	351	B
2351	846	B
734	426	B
2574	855	T
2670	1001	B
810	399	B
853	495	B
2230	819	B
1439	497	B
1726	644	B
2066	704	B
1893	833	B
2979	913	T
1218	715	B
827	537	B
1300	467	B
2068	863	B
1895	691	B
2482	767	B
1551	565	B
4386	1396	B
790	432	T
547	379	B
2498	760	B
708	400	B
2630	891	T
2672	903	B
1137	663	B
1008	613	B
1070	606	B
2724	755	B
2606	946	B
2268	906	B
507	339	B
584	370	T
505	357	B
507	314	B
2569	779	B
1438	418	B
536	244	B
2112	766	B
2835	981	T
2008	834	B
1956	718	B
1411	693	T
1989	694	T
2253	766	T
526	303	B
674	443	B
3804	823	B
1860	665	B
747	480	B
2052	748	B
3673	982	B
1752	677	T
1292	819	T
2665	813	B
1987	732	B
680	409	B
2464	984	T
908	541	B
2451	953	T
766	497	B
643	396	B
2380	825	B
1983	874	B
3305	1013	T
696	434	B
4120	1370	T
683	450	B
2004	725	B
2146	855	T
535	303	B
775	429	B
3431	1168	T
1835	748	T
1526	610	B
1951	668	B
884	583	B
2849	853	B
2192	769	B
2180	764	B
6738	1711	B
3591	1404	B
832	533	B
2308	913	T
2523	753	B
614	401	B
808	567	B
1572	480	B
1183	627	T
2441	743	T
520	334	B
2604	819	T
3691	1001	B
2622	802	B
2526	829	B
2316	755	B
3106	1180	T
1494	611	T
2441	877	T
867	513	B
1189	436	B
575	363	B
2345	692	B
620	421	T
1123	718	B
1269	499	T
633	392	B
2790	1017	T
539	329	B
1533	621	T
538	347	B
609	378	B
1029	568	B
1185	639	B
687	432	B
2394	867	T
911	474	B
948	503	B
2416	828	B
1353	587	B
3406	1277	T
2603	816	B
741	454	B
4128	1372	T
2098	816	B
907	476	B
2269	785	B
2805	1071	B
2503	774	B
517	317	B
4193	1410	T
1201	648	B
2684	867	B
521	316	B
1946	682	B
616	371	B
2137	1027	B
540	367	B
2564	800	B
1266	607	B
537	290	B
3010	1354	B
2495	791	B
2600	744	B
744	404	B
1741	824	T
2589	820	B
972	556	B
2472	761	T
3954	1270	T
1770	593	B
2733	803	B
2231	927	B
2614	800	B
1312	562	B
731	486	B
833	443	B
940	565	T
779	497	T
2410	912	B
2039	867	B
752	386	B
1360	726	T
2306	837	B
967	484	B
1306	695	B
2019	710	B
4188	1362	B
1356	660	B
2959	1010	T
1729	743	B
821	471	B
2484	854	B
1832	841	B
2290	756	B
1762	726	B
1864	668	T
2692	1050	B
1150	679	B
1666	830	B
814	472	B
2184	832	T
2691	701	T
2981	960	B
2590	852	T
2485	914	T
619	362	T
2466	793	T
2409	858	B
2480	929	T
1492	684	B
1945	747	T
3483	1033	T
1096	466	B
2464	874	B
2137	752	B
726	456	B
3223	1243	B
2543	785	B
1876	620	B
637	391	B
2415	827	B
2544	800	B
2338	813	B
680	396	B
1552	628	B
5331	1369	T
776	449	B
1104	553	B
2467	767	B
2223	734	B
1017	511	B
5140	1942	T
2372	928	B
581	355	B
1165	603	B
735	459	B
1511	664	B
3075	1076	T
3052	914	T
865	517	B
527	308	B
3036	1140	T
556	383	B
3177	900	B
1978	606	B
1033	530	B
669	427	B
3246	867	B
620	417	B
2169	882	T
653	477	B
2599	996	B
2726	1085	B
1892	840	B
615	390	B
2744	861	T
814	495	B
1975	585	B
2020	766	T
2080	1016	T
3203	1025	B
529	350	B
2616	918	B
2632	961	B
887	492	B
2800	939	T
562	321	T
933	478	B
2441	984	T
873	553	B
3143	1003	B
1699	742	T
2938	1029	B
840	416	B
2104	664	B
2947	913	T
554	407	B
601	355	B
1995	568	B
1910	729	T
1913	858	B
3854	797	B
621	424	B
880	518	B
2838	924	T
3308	1292	T
883	526	B
2145	602	B
596	401	T
1891	683	B
2682	768	B
2336	860	B
3056	867	T
507	277	B
1517	752	B
2706	1032	B
1774	913	T
597	314	B
515	153	B
2859	1101	T
824	494	B
1000	572	T
1359	687	T
3212	988	T
1070	559	B
2083	855	B
1731	538	B
1621	555	T
2009	899	B
1124	556	B
3964	1195	B
1382	716	B
7375	2427	T
2709	928	B
2184	1030	B
1274	589	T
721	464	B
549	364	B
1791	825	B
3842	1104	T
1416	552	B
3428	1187	B
1969	833	T
2208	760	B
1848	716	B
726	521	B
2112	733	B
1749	647	B
2193	914	B
2444	870	B
1610	854	B
5997	629	B
2068	814	B
513	298	T
1335	554	B
6476	1819	B
3440	1060	B
518	304	B
754	372	B
787	429	B
1027	715	B
555	342	B
3373	988	B
618	443	B
2366	808	T
638	424	B
2442	763	B
723	427	B
782	524	B
3859	1388	T
2072	945	T
497	310	B
546	377	B
1541	550	T
2591	1043	B
647	449	T
615	373	B
699	468	B
962	584	B
559	371	T
674	436	B
614	415	B
1697	772	B
5319	1443	B
7854	1137	T
665	402	B
1130	667	B
881	416	B
1918	803	B
1147	671	T
4350	1347	T
2150	846	B
2740	808	B
1918	695	B
1991	727	B
2252	710	B
4357	1417	T
2084	848	B
6943	1965	B
1429	670	T
1025	591	B
781	496	B
1171	500	B
3731	1194	B
4920	1803	T
1305	603	T
2847	849	T
1630	652	B
800	519	T
2206	815	B
1198	499	B
716	438	B
596	355	B
772	454	B
2073	699	T
2970	702	B
1111	707	B
2462	785	B
2202	730	T
519	329	B
2040	907	B
1551	492	B
3078	1042	B
855	531	B
2983	1109	T
1527	699	B
4012	1375	B
548	378	B
1519	599	B
1006	510	B
1302	512	B
2957	930	B
2092	689	B
2063	683	B
549	370	T
937	514	B
2666	1049	B
2233	963	B
2730	1253	T
1456	600	B
661	454	B
534	296	B
3002	1170	B
1022	494	B
2006	692	B
2474	874	B
2392	1009	B
1954	765	B
1660	724	B
2655	762	T
1027	534	B
515	363	T
1443	844	T
2318	849	B
2662	855	B
3005	923	T
1718	707	B
1432	584	B
628	429	B
2989	1047	B
1580	711	B
2537	985	B
1563	743	T
2337	933	T
945	603	B
963	612	T
1416	646	B
2362	858	B
1422	808	B
2604	1050	B
2450	721	B
1252	560	T
2770	845	B
1016	388	B
1028	564	T
1836	734	B
1917	712	T
2838	897	B
655	424	B
1829	614	T
2303	946	B
514	209	B
1099	472	T
2428	796	B
1979	590	B
3085	1092	T
1867	760	T
1331	589	B
697	435	B
2508	841	B
1801	769	B
2211	882	T
1156	663	B
918	571	B
1045	555	B
2191	691	B
3409	1239	T
2679	769	T
2570	918	T
2663	761	T
1422	590	T
1577	703	B
536	313	B
2368	741	T
503	341	B
561	395	B
2447	812	B
2635	883	B
792	472	B
813	496	B
1969	658	T
2179	751	B
1141	538	T
1102	551	B
3176	1067	T
2063	749	T
1786	683	B
603	360	B
690	417	B
977	628	B
545	368	B
1064	475	B
2007	955	B
1863	692	B
1108	416	B
1115	391	B
1858	728	B
1042	372	B
2097	738	T
3134	1058	B
3661	1081	B
891	534	B
3178	970	T
1916	774	B
2570	872	T
653	417	B
6379	1765	T
620	178	B
1483	586	B
3180	1227	T
2218	761	B
2698	956	B
2418	701	T
2441	977	B
2930	861	T
1595	719	B
1459	754	B
906	593	B
2533	803	B
923	549	B
529	373	B
3458	872	B
836	463	B
3033	867	B
2308	926	B
647	459	B
2744	765	B
1139	647	B
2079	816	T
1636	660	B
2664	862	B
788	504	B
1420	692	T
1880	974	B
3409	1165	B
1970	683	T
1613	717	T
1217	701	T
2231	749	B
2301	823	T
1440	566	T
2586	913	B
525	267	B
2917	982	B
1116	431	B
2374	1068	T
2500	973	B
2724	1066	T
2717	831	B
698	375	B
3077	1102	T
2038	709	B
1953	685	B
636	410	B
1862	927	T
658	406	B
1527	730	B
4536	1475	T
2319	737	B
2154	824	B
2529	959	B
1068	628	T
1696	714	B
1003	598	T
771	440	B
1134	647	B
2140	866	B
2814	843	B
550	359	B
723	474	B
6508	1897	T
2119	653	B
1690	721	B
3313	1197	T
3489	1225	T
1754	837	T
1494	808	B
2759	1010	B
1197	598	B
2798	1065	B
652	400	T
2341	778	B
2551	836	B
2411	815	B
1247	495	B
886	560	T
693	441	B
868	532	B
550	377	B
855	517	B
799	509	B
849	546	B
695	396	B
1202	687	B
760	385	B
670	449	B
1147	672	B
2618	724	B
1514	759	B
948	487	B
1885	664	B
1067	604	T
2347	1089	B
1305	627	B
1502	570	T
734	500	B
1855	668	B
985	583	T
893	423	B
601	321	B
1955	749	B
922	550	B
634	449	T
3256	944	B
1853	744	B
1993	823	B
1618	650	B
1978	592	B
1373	739	T
2016	912	T
693	450	B
4690	1447	T
973	458	B
1390	439	B
697	456	B
615	432	B
1242	529	B
2225	795	B
1497	619	B
554	352	T
669	341	B
521	328	B
2367	743	B
2947	896	B
2522	825	T
951	461	B
1782	759	B
723	465	B
969	510	B
2074	780	B
1225	570	B
4356	1674	B
905	530	T
2493	813	B
2119	738	B
2540	881	B
744	474	B
2542	908	T
1796	566	T
646	433	B
3429	1269	B
1471	649	T
739	505	B
2035	868	B
619	326	B
2931	941	T
7962	1619	B
2588	792	B
552	364	B
2430	756	B
2507	959	B
2971	894	T
1620	529	B
845	547	B
2841	873	B
2846	826	B
569	341	T
1821	764	B
1212	541	B
1526	636	B
733	420	B
2826	869	B
1246	659	B
747	417	B
557	365	B
1797	791	B
1853	744	B
1568	605	B
820	473	B
1568	780	T
591	406	B
591	373	B
1390	796	T
2654	778	B
2506	1073	B
3898	1487	B
1048	166	B
639	425	B
541	324	B
794	444	B
1576	761	T
606	349	T
799	503	B
1997	626	B
1034	629	B
2354	832	B
1917	692	B
2321	727	T
937	560	B
2013	740	T
724	491	T
1818	596	B
781	510	T
3772	1243	T
2455	929	B
1320	564	T
1212	634	T
709	386	B
2398	1030	T
2134	745	B
4754	1510	T
2352	723	B
581	369	B
1537	876	B
761	473	B
2396	789	B
2014	693	B
2536	812	T
778	396	B
2439	824	T
875	533	B
510	297	T
1036	596	B
707	479	B
2399	909	B
1563	651	B
3829	1305	T
4484	1340	T
1606	712	B
2481	881	T
1764	796	B
785	389	B
2413	720	T
2550	762	B
1112	522	B
3276	1144	T
1823	785	T
1778	766	T
2233	874	T
1301	543	T
2205	723	B
3116	989	T
608	371	B
1533	606	B
1566	586	T
644	443	B
2215	765	B
902	534	B
1217	718	B
582	339	B
3722	1247	B
2454	803	B
2328	823	T
699	463	B
1290	703	B
705	503	B
4920	1598	T
1926	897	B
661	473	B
1150	613	B
1561	583	B
2150	204	B
1959	734	B
3834	1292	B
1918	811	B
2587	816	B
729	320	B
1890	612	B
3013	1208	T
1516	653	B
966	547	B
1085	570	B
2019	657	T
1374	542	B
2031	669	B
1538	593	B
609	354	B
969	431	B
1585	565	B
1948	835	B
1082	520	B
1381	544	T
783	363	B
1129	534	B
646	302	T
2710	1057	B
1951	650	B
759	394	B
3769	1204	T
3507	1254	T
2205	721	B
1044	529	B
2506	848	B
2036	694	T
1039	673	B
623	372	T
863	535	B
3867	1256	B
668	422	B
5458	1757	T
1774	682	B
1589	328	B
1998	884	B
2206	983	B
1502	730	B
3046	955	T
1115	544	B
835	451	T
4746	1667	T
1946	707	B
2994	781	B
1697	742	B
2216	715	B
847	532	B
2944	953	T
3172	885	B
4345	1382	T
2125	839	T
3981	1146	B
2533	854	B
770	506	B
2454	834	B
1312	689	T
718	451	B
1211	690	B
2117	867	B
2395	1013	B
2414	948	B
2499	875	B
2109	883	B
3544	1054	T
1452	852	B
2212	875	B
1762	859	T
1950	696	T
2374	759	T
1806	629	B
2747	750	B
3001	918	B
2517	874	B
1568	651	T
986	531	B
795	454	T
2185	671	B
1069	578	B
1788	819	T
2602	1049	T
2878	733	T
2377	882	T
1078	474	B
628	450	B
1543	783	B
3009	831	B
2195	770	T
716	495	T
2142	745	B
911	471	B
2721	988	B
972	535	B
1898	920	T
1327	759	T
1600	546	B
788	488	B
840	525	B
1547	665	B
693	445	B
1980	939	B
644	409	B
751	454	T
1306	645	B
1587	784	B
3033	968	B
2636	904	B
2584	813	T
3458	1164	T
1332	588	B
3397	1022	B
921	544	B
1210	712	B
958	564	T
2605	838	B
912	477	B
892	573	B
1332	591	B
3026	919	B
1202	576	B
1571	589	B
1949	625	T
530	339	B
1108	447	B
2094	1020	B
1869	957	T
5061	1468	T
991	574	B
2055	1015	T
1441	624	B
1411	562	B
1753	551	B
531	362	B
2471	922	T
602	432	B
2307	856	T
2889	886	B
2097	674	B
549	359	B
715	171	B
2137	627	T
2067	664	B
2104	926	T
4632	1426	T
1014	555	B
922	484	B
2324	807	T
1822	824	B
761	504	B
1177	605	T
2352	1168	B
2089	762	B
1807	619	B
952	629	B
1279	563	B
2382	804	B
1225	604	T
2269	932	B
1715	579	B
3150	1238	T
2094	925	B
1804	614	T
2149	746	T
812	522	B
1739	608	B
4432	1439	T
774	458	B
3715	1466	B
4948	1530	T
2205	751	B
2068	809	T
569	306	B
809	428	B
888	516	B
2222	720	B
6685	1710	B
3081	900	T
1391	855	B
9109	2481	B
1099	682	T
2351	766	T
1025	613	B
1678	710	T
966	556	B
1190	635	B
616	367	B
2039	749	B
885	526	B
724	452	B
3452	1264	T
1658	652	B
1266	782	B
2075	872	B
1843	943	B
1158	733	B
657	391	T
1087	672	B
824	502	B
1808	873	B
2921	1028	B
2130	739	B
1095	487	B
787	540	B
3318	896	T
660	442	T
2342	870	T
2358	747	T
783	430	B
3195	1008	B
627	354	B
596	340	B
594	414	B
2275	811	B
1535	601	B
1804	967	T
1493	828	T
629	372	B
3089	943	T
1222	557	B
2325	856	B
4010	1325	T
1641	598	B
1811	821	B
2660	791	B
1232	535	B
770	435	T
6150	1790	T
2128	810	B
1803	581	T
2632	844	B
2151	697	B
5696	1756	T
1920	963	T
1799	717	B
1744	856	B
1768	805	B
1772	691	B
3147	1052	T
3424	1020	T
2020	804	B
519	369	B
1815	857	T
4082	1484	T
1786	749	B
581	348	B
2804	878	B
1879	811	T
2666	941	T
1109	680	B
3553	1268	T
4513	1592	T
1915	962	T
2739	859	T
1143	713	B
1543	580	B
1813	815	B
2572	748	B
1014	625	B
783	344	T
2290	887	B
2352	716	B
777	526	T
1156	470	B
2592	748	B
824	455	B
1198	611	B
2763	908	B
702	415	B
1203	721	T
979	455	B
578	361	T
3089	965	T
1856	748	B
686	441	B
1556	670	B
723	409	B
3114	1086	B
1235	616	B
991	566	B
1202	486	T
693	438	T
848	493	B
597	422	T
274	177	B
1061	602	B
1483	532	B
2602	1036	T
3113	920	T
5034	886	B
3036	1013	T
3202	1242	B
2729	1087	T
4051	1268	T
2601	863	T
563	331	B
875	485	B
663	421	B
1005	559	B
842	502	B
2302	801	B
1009	555	T
1743	630	T
1633	806	B
1314	719	B
1671	681	B
1893	632	B
733	370	B
555	215	B
1991	756	T
691	390	B
1908	680	B
1993	822	T
2949	869	T
2899	990	B
2753	961	T
1138	520	T
1889	632	T
541	357	T
1227	520	B
1675	612	T
1979	628	B
1613	779	B
682	425	B
2740	1087	T
562	397	B
658	358	B
638	393	B
916	399	B
542	389	B
2080	730	T
2288	682	T
878	396	B
1601	684	T
3182	1194	T
4733	1318	B
876	508	B
1738	609	B
3447	875	T
2028	767	T
630	374	B
2617	775	B
3630	1152	B
1684	658	B
2440	974	B
1890	690	B
5028	1455	T
1474	687	T
848	516	T
625	388	B
2121	800	B
692	426	B
2586	944	B
2509	895	B
5181	1665	T
3223	1079	T
678	426	T
3390	1175	T
1013	506	B
1069	619	B
1686	669	B
729	468	B
986	629	T
2203	909	T
2222	724	T
2687	981	T
8267	2214	T
2247	682	B
2395	801	T
2433	753	T
673	401	B
849	529	B
835	572	B
1780	840	B
1379	645	B
2385	878	B
2159	960	T
688	457	T
3870	1297	B
583	385	B
512	330	B
1160	716	B
1440	827	B
1222	579	B
1827	649	B
539	355	B
824	408	B
760	500	B
1547	598	B
2176	723	B
1079	519	B
4577	1305	T
3234	1059	B
727	425	B
1679	803	B
1996	768	T
895	577	B
4405	1092	T
1995	635	B
2139	864	B
2595	794	B
2724	882	B
2403	747	B
2023	745	B
633	435	B
625	425	B
850	455	B
1613	740	B
1528	667	T
720	411	B
1529	532	T
516	360	B
5493	1384	T
2192	738	B
819	532	B
1098	657	B
682	396	B
2937	1162	B
2488	922	T
1158	675	B
505	317	B
4552	1432	T
3744	1180	T
2532	756	B
662	445	B
503	163	B
3115	1120	T
2496	861	B
724	401	B
2181	687	B
998	653	T
2308	842	B
1796	606	B
1466	604	B
571	389	B
630	432	B
2734	943	T
1626	854	B
553	330	B
2815	945	B
1634	703	T
2129	796	T
3324	941	T
1256	609	B
3833	1096	B
1541	613	T
968	592	B
3162	1031	B
706	356	B
4923	1440	B
793	474	B
1110	613	B
1446	575	B
1148	633	B
3068	816	B
2184	902	B
777	513	B
2183	726	B
542	325	B
1140	514	B
2809	1079	B
701	375	B
917	563	T
3461	1332	T
1921	901	B
2040	890	B
534	298	B
658	442	B
1776	753	B
2662	905	B
606	365	B
2751	845	B
3122	823	T
3531	1115	T
1611	673	B
2521	818	B
2276	854	B
505	314	B
1985	833	B
1473	620	B
2332	755	B
2365	684	B
1955	850	B
1077	433	B
2240	938	B
2120	659	B
1511	566	B
1985	737	B
1519	760	B
3010	980	B
879	519	B
695	462	B
4216	1331	B
2477	1010	T
3446	1538	B
1017	512	B
1382	751	B
8369	1965	T
726	431	T
717	241	B
1741	644	B
752	384	B
2151	888	T
3081	1011	T
4113	1612	T
918	493	B
577	374	B
993	462	B
2263	673	B
2538	763	B
2603	858	B
2579	906	B
841	536	B
3669	1264	T
1017	565	T
848	511	T
664	383	B
1755	756	B
1362	653	B
1150	551	T
970	502	B
2580	1008	B
1555	620	B
982	543	B
3776	1348	T
526	324	B
568	320	B
759	401	B
2821	1123	B
3436	1207	T
2337	727	B
530	356	B
2161	879	B
3346	1077	B
1780	839	T
543	319	B
721	479	B
1999	588	B
861	424	B
2268	844	B
3382	1085	B
2750	849	T
2419	1053	B
2961	1034	T
2253	765	T
594	365	B
1082	564	B
2327	1281	T
616	392	B
797	528	B
570	392	B
2145	942	B
3076	907	B
2265	732	T
1647	614	T
2286	740	B
2766	922	B
1570	770	B
657	433	B
2398	899	T
10405	2540	T
2054	777	T
553	361	B
956	606	B
7484	2058	B
2496	875	B
1999	791	B
572	182	B
2999	1017	T
2669	896	T
4600	1653	T
2361	888	T
2508	815	B
2417	941	T
522	351	B
2455	868	T
2575	870	B
3473	1279	T
2006	910	B
742	465	B
1431	755	B
2053	654	B
2004	670	T
1796	727	B
2774	989	B
3201	1095	T
2875	908	B
3112	1146	B
2053	732	T
2037	698	B
3139	983	B
1955	619	B
1987	864	B
870	505	T
643	412	B
1337	491	B
848	555	B
1691	629	B
2499	770	B
3654	1222	T
2316	692	B
931	539	B
2097	892	B
2049	923	B
1331	744	T
7092	1985	B
753	349	T
2935	989	B
667	425	B
3629	1092	T
580	378	B
1006	399	B
659	409	B
980	403	B
975	458	B
1552	660	B
2152	777	B
630	460	T
964	401	B
549	370	B
1221	456	T
1575	788	B
978	452	B
555	309	B
659	430	B
814	370	B
523	324	B
4229	1364	T
1159	654	T
2898	888	B
1563	191	B
2400	851	B
589	347	B
556	354	T
781	210	B
1188	495	T
1539	631	B
2412	825	B
994	496	B
2534	1237	B
731	530	B
1804	514	B
590	391	B
1828	677	B
4041	1213	B
2582	847	T
1729	683	B
506	319	B
2240	805	B
686	454	B
1156	681	T
945	572	B
3419	1235	T
602	336	T
1076	652	B
510	274	B
812	431	B
2088	729	B
668	467	B
1314	438	B
2466	757	B
1437	557	B
787	538	B
918	572	B
4134	1445	T
1140	561	B
4611	1569	T
1570	806	T
3136	922	T
1775	857	T
885	422	B
2929	1043	B
2541	827	B
645	396	B
1433	872	T
2080	869	B
1997	854	B
510	345	T
518	209	B
2294	773	B
2288	764	B
1540	664	B
882	476	B
2241	820	B
1773	681	T
2030	762	T
2427	960	B
2151	750	B
917	579	B
1308	669	B
797	537	B
2387	950	T
1910	971	B
1656	672	B
1402	696	B
2311	1109	T
615	347	B
549	179	B
868	565	B
2630	910	B
926	548	B
2485	862	B
3144	1134	B
2020	715	B
2615	906	B
521	339	B
1662	606	B
2702	979	B
4235	1502	B
2321	807	B
738	406	B
1145	665	B
3615	1016	T
3125	947	B
2701	797	B
545	297	B
2459	871	T
511	256	B
759	502	B
506	325	B
1563	762	B
1680	612	T
548	366	B
1160	601	B
2006	924	B
2739	844	B
2688	872	B
1459	628	B
1341	637	B
4443	1229	B
1542	831	B
4823	1593	B
1496	754	T
1776	631	B
1586	617	B
3256	1210	B
2115	734	B
1387	808	T
690	395	B
2514	725	B
1959	410	B
3891	1311	B
636	316	B
1962	754	B
688	398	B
544	322	B
919	577	B
2094	718	B
2929	901	B
2872	982	T
1807	886	B
2531	778	T
1163	689	T
1325	540	B
876	510	B
683	423	B
3520	944	T
665	415	T
1072	559	B
800	321	B
1535	593	B
2282	750	B
2821	834	T
792	489	B
774	419	B
1765	628	B
2192	1020	T
611	436	B
2481	802	B
4327	1315	B
1495	696	B
2935	1095	T
1076	654	T
778	445	B
513	324	B
2895	864	B
1004	405	B
1075	638	B
648	409	B
2046	887	B
661	399	B
2128	865	B
2410	844	B
690	429	B
2294	767	B
532	343	B
3150	1106	T
2073	654	B
3686	773	T
5370	1641	T
608	440	B
842	477	B
559	374	B
504	339	B
657	452	B
513	315	B
557	173	B
837	482	B
2014	727	T
756	450	B
3435	1255	B
2783	850	B
2511	826	B
1982	796	T
7340	2098	T
2247	832	T
3232	1251	B
795	509	B
876	494	B
3483	1041	T
2182	769	B
639	391	B
2373	1053	B
2060	681	B
5139	1614	B
2466	851	B
1080	510	B
1350	736	T
828	503	B
1588	663	B
2900	985	T
853	476	B
2068	859	B
1498	812	B
497	332	B
696	410	B
563	185	B
1049	615	T
1606	687	B
1264	473	B
713	466	B
4572	1396	B
2231	860	B
2323	889	B
3445	1154	T
2470	1087	T
2364	876	B
2377	797	B
2350	758	T
1716	762	B
2459	888	B
852	429	B
879	295	B
1053	255	B
510	317	B
1595	559	B
747	471	B
981	624	B
877	514	B
2378	806	B
1757	766	B
903	434	B
2298	753	B
829	580	B
535	344	B
1545	810	B
1211	620	T
727	451	T
2565	850	B
1203	663	T
2075	723	B
2143	675	B
766	490	B
2676	1045	T
598	408	B
1024	646	B
854	479	T
543	327	B
3841	1260	T
1843	919	B
640	311	B
701	412	B
758	457	B
5495	1607	T
1485	538	B
794	523	B
1736	602	T
2653	939	B
834	531	B
502	353	B
859	444	B
2643	953	T
734	445	B
500	204	B
624	408	B
2428	724	T
2681	960	B
1611	667	B
2664	908	T
2087	741	B
876	471	B
2555	820	T
2026	789	B
1466	604	B
3239	1148	B
1706	544	B
1324	724	B
796	435	B
2941	899	T
700	487	B
2623	955	B
1755	646	B
2212	819	T
949	549	B
1723	650	B
1706	813	B
610	429	B
3225	942	T
660	406	B
1162	552	B
1082	611	B
841	459	B
2839	896	B
1378	678	B
611	369	B
3060	1072	T
1752	685	B
2073	688	T
1486	747	T
3141	1091	T
2587	911	B
2805	885	T
632	362	B
1400	804	B
1506	768	B
2886	854	B
1809	875	B
2628	877	B
2289	853	B
844	511	B
2533	814	B
1804	568	B
3328	1018	B
908	514	B
575	306	B
3997	1351	B
3740	1113	B
2330	959	B
1104	572	T
2055	702	B
2561	966	B
949	462	B
4266	1504	T
587	237	B
2765	933	B
932	564	T
2154	646	B
2697	792	B
673	432	B
4970	1597	T
1128	582	B
5401	1726	B
1846	590	T
2126	742	B
643	414	B
2889	990	B
1279	731	B
2348	797	T
2114	691	B
3375	997	T
3207	1088	T
1734	700	B
1607	657	B
981	552	T
2455	764	B
7532	1884	T
2080	729	B
855	447	B
683	436	B
708	185	B
1668	570	B
1859	756	B
712	431	T
2150	632	B
524	335	B
4339	1485	T
925	608	T
498	323	B
1868	851	B
1622	576	B
866	502	B
1723	853	B
2364	891	B
3677	1356	T
3690	1313	B
2912	978	B
1776	808	B
2173	891	B
1802	560	B
1202	671	B
2323	849	B
611	353	B
518	305	B
2365	744	B
500	220	B
3370	1003	B
649	419	B
2109	751	B
1770	788	T
791	527	B
777	523	T
2506	751	B
549	336	B
763	457	B
3584	1000	T
5739	1662	T
676	429	B
1592	703	B
659	396	B
691	419	T
2134	786	B
556	394	B
815	498	T
2118	699	B
2055	829	T
1048	551	B
1927	843	B
2974	890	B
3241	1188	T
1066	675	B
3636	1276	T
2371	763	T
2537	983	B
2307	826	T
789	548	B
3544	999	B
5533	1649	B
2689	1060	B
506	353	B
1945	691	B
535	381	B
2537	883	B
2443	911	B
2320	719	B
1564	440	B
2903	1119	B
1198	538	T
1374	508	B
1813	856	T
2528	842	B
4079	1244	B
2148	634	B
1760	664	B
1811	870	T
928	559	B
1763	615	B
2175	850	T
907	431	T
2493	250	B
1001	503	B
1671	749	T
677	387	B
1896	813	T
3026	1117	B
3443	1251	B
664	392	B
2982	1028	B
1557	518	T
503	315	B
2966	750	B
906	558	B
564	338	B
2184	699	B
2423	907	B
514	309	B
776	485	B
5632	1470	T
527	309	B
2364	752	T
2523	818	B
773	485	B
673	367	B
2486	835	T
2240	882	T
1009	441	B
1730	678	B
2308	839	B
1999	773	B
938	486	B
2235	801	B
2135	906	B
1141	630	B
537	352	T
680	368	B
4765	1437	B
2446	929	B
656	367	B
1321	495	B
2000	741	B
6416	1893	T
788	476	B
1605	658	T
3554	1095	T
1347	624	B
661	382	B
2665	1014	B
3820	1358	B
2371	962	B
1254	621	B
11706	2589	T
1640	631	B
2927	883	B
1969	642	T
2151	815	B
4125	1282	T
2481	777	B
1331	561	B
1061	607	B
1188	466	T
654	384	B
865	567	T
2565	817	B
2102	814	B
2542	810	B
1970	631	B
1316	595	B
686	409	B
558	415	B
1702	569	T
542	349	B
5104	1572	T
538	331	B
1950	647	T
1825	667	B
1160	638	B
1819	920	T
2715	872	B
2781	774	B
1688	636	B
2149	659	T
548	382	B
1281	716	B
758	362	B
1742	608	B
2079	693	B
1619	582	B
2908	1174	T
595	328	B
990	489	B
1667	800	B
1743	633	B
1366	712	T
2308	690	T
707	393	B
2387	934	B
584	307	B
1673	951	B
1183	684	T
2615	807	T
1493	623	B
675	449	T
616	363	B
656	385	B
2452	742	T
1847	667	B
1160	553	B
2508	890	B
1567	717	B
2363	744	T
2354	903	T
576	378	T
613	380	B
2110	649	B
1559	738	T
2183	1031	T
2356	921	B
1042	669	T
2283	972	B
2318	743	T
499	328	B
2647	1065	B
3469	1242	B
2110	726	B
678	407	T
1387	564	B
510	309	B
1485	607	T
1953	679	B
2065	649	B
685	419	B
952	462	T
2149	709	B
2573	739	T
2214	685	B
776	375	B
584	393	T
1601	862	B
2483	830	B
2592	856	T
644	353	B
3393	992	T
2883	1128	B
2047	733	T
3988	1075	T
528	340	B
1456	676	B
2993	856	B
792	464	B
1115	627	T
1215	626	B
780	520	B
1080	481	B
1177	635	B
1197	665	B
2045	822	T
2402	779	B
626	305	B
576	349	B
4170	1465	T
1218	585	B
1848	734	B
791	477	B
2566	816	B
2339	1160	B
564	348	B
534	303	B
945	523	B
976	372	B
664	400	B
2979	1100	B
3057	1027	B
1770	808	T
2240	999	B
1089	411	B
586	378	T
1236	547	B
2605	805	B
1272	488	B
540	316	B
2150	678	T
2425	784	B
1069	616	T
2491	773	B
2170	832	T
2583	798	B
1527	712	T
1966	911	T
579	374	B
2427	906	B
833	514	T
4105	1418	B
1926	646	T
647	464	B
3079	953	B
631	430	B
2059	683	B
2908	1141	T
2308	852	T
2433	759	B
1897	635	B
2618	827	B
1880	878	B
1437	615	T
1588	780	T
1599	562	B
2252	680	B
1098	640	B
1042	545	T
3462	1098	B
673	435	T
2409	954	B
2086	741	B
1158	685	B
3439	994	B
2522	750	B
1601	666	B
778	540	B
1353	647	T
2840	1304	T
833	474	B
3416	1278	B
1817	664	B
2343	754	B
635	330	B
939	535	B
817	509	B
913	539	T
1375	704	B
499	288	B
3057	1210	T
2660	956	T
1995	701	B
2623	764	B
5435	1739	B
1158	674	T
828	518	T
1742	779	B
777	502	B
1637	706	B
1028	610	B
939	577	T
858	357	B
559	310	B
5479	1794	T
639	427	B
3292	1029	B
622	372	B
527	319	B
2827	998	B
2122	835	B
2634	764	B
2949	985	T
578	373	B
1836	591	B
2830	949	B
2616	1100	T
2703	860	B
2501	827	B
2332	833	B
838	421	B
3075	1158	B
987	402	B
1238	751	T
1088	397	B
3296	1184	B
806	473	B
541	375	B
2378	812	T
531	331	B
652	387	B
690	466	T
1645	656	B
1483	583	B
1748	651	B
2931	877	B
614	375	B
885	520	B
1724	737	B
804	536	T
2304	809	B
1188	604	B
3745	1233	B
636	402	B
531	400	B
1789	693	B
2506	963	T
875	531	B
879	557	T
704	372	B
1458	736	T
2105	749	B
508	212	B
1138	656	T
5000	1841	T
531	358	B
3190	765	T
1580	810	B
2204	897	B
1352	640	T
744	408	B
1269	582	B
1347	773	T
1752	709	T
1307	660	B
536	342	B
11216	2530	T
4565	1525	B
505	265	B
774	459	B
2215	907	B
1642	726	B
1471	705	B
1253	567	B
3939	1352	T
1210	531	B
863	531	B
825	527	B
844	518	B
2312	802	B
1532	659	B
1278	688	B
625	424	B
1564	625	B
940	595	T
1722	612	B
2425	771	B
3146	1021	T
1008	572	B
2445	1061	B
3075	833	B
3401	982	B
1936	958	T
2265	803	T
1774	736	B
1899	711	B
2880	1195	T
742	457	B
1082	431	B
3672	1187	B
593	335	B
4320	1235	B
1025	713	B
529	358	B
2238	607	B
757	387	B
2103	814	B
2006	777	B
2277	765	T
733	482	B
2116	687	B
837	465	B
841	493	B
1730	547	B
2353	705	B
1091	505	B
1028	604	B
2991	996	B
752	483	T
572	347	B
2694	1038	B
660	408	B
524	294	B
641	429	B
805	428	B
640	393	B
3156	1061	B
905	468	B
544	354	B
3174	992	B
1636	560	B
2186	783	B
1504	732	B
1934	889	B
583	377	B
2204	734	B
8515	2356	T
2271	681	B
943	593	B
1890	757	B
732	350	B
2115	936	T
8304	2141	T
2915	1046	B
762	419	B
611	357	B
3523	989	T
1204	461	B
758	396	B
2441	907	B
2110	803	B
674	449	B
2752	791	B
580	326	T
1957	621	B
5718	1733	T
543	332	B
3933	1091	B
505	284	B
4450	1079	B
1462	521	B
935	574	B
3398	1080	B
3454	993	B
1247	770	B
3332	1176	T
1080	419	B
915	565	T
2882	1186	T
3171	1041	B
983	516	B
1290	581	B
1711	649	B
1221	630	B
505	316	B
1150	470	B
764	397	T
811	522	B
576	361	B
1321	496	B
2813	980	B
559	392	B
1098	523	B
794	480	B
1068	679	B
2774	930	B
974	568	B
2432	731	B
1481	543	B
660	411	T
2596	813	B
1376	750	T
731	406	B
904	547	B
2410	491	B
1958	879	B
1723	673	T
2152	951	B
5005	1555	B
2829	911	B
2049	703	T
2009	713	B
1482	745	B
2976	1173	T
645	428	B
1346	601	B
763	410	B
1272	603	B
